id,username,created_at,lng,lat,text
1517418158516322305,LeBonTravel,Fri Apr 22 08:20:55 +0000 2022,-87.732013,41.8335845,These two great men represent the wonderful America of yesteryear!
1517418160215015426,Pollyesther34,Fri Apr 22 08:20:56 +0000 2022,-97.94828100000001,35.0329435,@KBloodfang @Awesomelyautis1 @MollyCAgain1983 I haven't had the opportunity in like 14 years
1517418163675226112,Lechero24,Fri Apr 22 08:20:57 +0000 2022,-94.370308,35.3572525,@SimmonsBnkArena #Metallica and Godsmack!!! Unbelievable show.
1517418170511941632,jcarter54,Fri Apr 22 08:20:58 +0000 2022,-98.319925,38.498196,@JulieEm01399230 @TMZ @CraigSJ An old person? I'm not understanding the reason behind the comment. Part of the hara‚Ä¶ https://t.co/YWF2No7T5g
1517418182817943552,pdxpolicelog,Fri Apr 22 08:21:01 +0000 2022,-122.619513,45.509518,"PARKING PROBLEM at 1800 SE 42ND AVE, PORT [Portland Police #PP22000106116] 01:08 #pdx911"
1517418183719759872,pdxpolicelog,Fri Apr 22 08:21:01 +0000 2022,-122.533338,45.500737,"UNWANTED PERSON at 2900 SE 125TH AVE, PORT [Portland Police #PP22000106169] 00:49 #pdx911"
1517418197049303040,droel666,Fri Apr 22 08:21:05 +0000 2022,-97.754724,30.323345500000002,And for the rest of you. Yes I'm actually making myself a cheese steak at *looks at watch* way to late in the morni‚Ä¶ https://t.co/lsVP8eu53P
1517418199683317760,Issacjosephh5,Fri Apr 22 08:21:05 +0000 2022,-100.0768885,31.1688935,@makkayyllahh what?
1517418199926550534,toni_thwd1,Fri Apr 22 08:21:05 +0000 2022,-122.16076749999999,47.4506245,"@wade21_brown @Captain_Klutz I understand.  My best friend said the same about her son, just last night. I don't ha‚Ä¶ https://t.co/O1Pa1zATwG"
1517418206838738944,mattienelson101,Fri Apr 22 08:21:07 +0000 2022,-117.397616,33.935822,@Reginnacriswell @gmarie421 @DrJinCA @COPraiseIM Happy Birthday to you Elder Criswell. 69 really does look GOOD on you! God bless you üéÄüíûüéÄ
1517418207136657408,NailsByMera,Fri Apr 22 08:21:07 +0000 2022,-76.62048200000001,39.284712999999996,Ima Pat out today! I ain‚Äôt been to sleep in over 24 hours
1517418207157567488,rusch_steven,Fri Apr 22 08:21:07 +0000 2022,-88.7355565,44.0373745,@valboone67 Prayers sent üôèüôè https://t.co/hNW3bpM01N
1517418231643914243,Pluvlaw,Fri Apr 22 08:21:13 +0000 2022,-79.78030799999999,34.182661499999995,"Corporations are people too, only if they agree with you and only to the extent they can give you unlimited monetar‚Ä¶ https://t.co/wSU6m2koDi"
1517418236870107138,krystoes,Fri Apr 22 08:21:14 +0000 2022,-96.7617535,32.819858499999995,I need to be put to sleep üçÜ
1517418236794396672,TheAntiTrumper,Fri Apr 22 08:21:14 +0000 2022,-117.386642,34.0976985,@bryce_spalding @postage27 Why would anyone support this team under current ownership?
1517418237146791948,JLREnergy_Drink,Fri Apr 22 08:21:14 +0000 2022,-115.223125,36.232915,@BenjaminEnfield @Thunder_Stormm like an over cooked steak this dude is done #e40 bars
1517418256369397761,YIHBMerch,Fri Apr 22 08:21:19 +0000 2022,-83.804475,27.698681999999998,Big Girl found out quickly üòÇüòÇ
1517418260836532224,cardiganstan89,Fri Apr 22 08:21:20 +0000 2022,-86.290863,41.679655499999996,@tswiftpower @taylorsreese @taylorswift13 So lucky!
1517418267043762176,SKCFDispatches,Fri Apr 22 08:21:21 +0000 2022,-122.18370029,47.42432103,"üöëDISPATCH: Medical Aid - Basic Life Support @ 19904 118TH AVE SE, KENT.Responding Dept: KentUnit(s): E377#PugetSoundFire #Kent"
1517418267593396224,Podia2Dromedary,Fri Apr 22 08:21:21 +0000 2022,-73.9685415,40.780709,"@RepStefanik Remember when UN &amp; G7 laughed in face of America?Remember when America stood with Putin, Erdogan, Pr‚Ä¶ https://t.co/lqDj86WGNC"
1517418269115879425,Bodhihodi,Fri Apr 22 08:21:22 +0000 2022,-80.4764035,43.43024,@izziebWilde And it‚Äôs FRIDAY!!
1517418271225483264,JamesRi42582020,Fri Apr 22 08:21:22 +0000 2022,-117.319871,34.057348000000005,@MelissalM U b yoselfüòÅ
1517418271812685824,BadBad_X,Fri Apr 22 08:21:22 +0000 2022,-122.2286855,37.791994,Who in Oakland can we help to bring this #oasis here? Compassion. #Oakland
1517418274249752576,Dinoisaspaceman,Fri Apr 22 08:21:23 +0000 2022,-81.1821175,35.239512,@SizeWorshippers I hate to see all that black baby seed get wasted on the floor instead of balls deep into my very tight white ass
1517418275679911937,AhearnColeen,Fri Apr 22 08:21:23 +0000 2022,-70.614284,41.680606999999995,@yankees1958 @SARA2001NOOR @ElephantsRule @colin_goodayle @paxknc @Dimensionspect1 @Numbers28 @DonnaLouiseDLH‚Ä¶ https://t.co/z9yI0X4V6w
1517418277290405888,esavage10124,Fri Apr 22 08:21:24 +0000 2022,-85.7682405,37.822244,"We have the tapes, Kevin McCarthy is a liar."
1517418282130849792,Joseph0622,Fri Apr 22 08:21:25 +0000 2022,-95.44648649999999,29.838495,Yes absolutely.
1517418289667923969,whayelien,Fri Apr 22 08:21:27 +0000 2022,-79.2725695,43.629311,lmaooooo i cannotüòÇüòÇ
1517418290359914496,WalkerSam,Fri Apr 22 08:21:27 +0000 2022,-112.12467649999999,33.5528625,@AdrianGMoss That is such a lovely message- thank you!
1517418293794992128,suns_tutu_fan,Fri Apr 22 08:21:28 +0000 2022,-112.12467649999999,33.5528625,@mitchmds16 LOOK AT THAT WONDERFUL SQUISHY FACED BABY! üòçüòçüòçüòçüòç
1517418297150435328,GhostCultMag,Fri Apr 22 08:21:28 +0000 2022,-122.4359785,37.7706565,"ALBUM REVIEW: @Northlane - Obsidian, by @Charlie_Theory (@atomsplitterpr) https://t.co/IG1zNxlL55"
1517418302531903488,MercurysChamp,Fri Apr 22 08:21:30 +0000 2022,-90.011008,29.982601,@theCKBuchanan My favorite movie in the franchise https://t.co/TfbPWKmV8v
1517418309607641088,rudyalvrzzzz,Fri Apr 22 08:21:31 +0000 2022,-100.0768885,31.1688935,i‚Äôm a one man team.
1517418313801994242,KissMyBlackAsh_,Fri Apr 22 08:21:32 +0000 2022,-73.9487755,40.655138,@kinggoatdjj Lol. Well usually my BD is around but he‚Äôs been outta town so it‚Äôs just me for now.
1517418314217185280,Pattysaluti11,Fri Apr 22 08:21:33 +0000 2022,-70.9477915,42.199372999999994,Me. POPCORN SOME KUSH. APPLE https://t.co/DC5b9fE724 ALL SET.
1517418316532355072,alluukkaa_,Fri Apr 22 08:21:33 +0000 2022,-116.245524,33.677404,it‚Äôs lit
1517418315739631618,evesteasephx,Fri Apr 22 08:21:33 +0000 2022,-112.139694,33.494836,Thank you everyone for the crazy turn out @elonmusk @AZSuperBowl @AZCardinals https://t.co/HvAfVYUshk
1517418322660315136,YMCMB911,Fri Apr 22 08:21:35 +0000 2022,-77.49317049999999,37.529883,I just heard some guy say ‚Äúme and my wife currently live with my ex wife‚Äù üòÇ
1517418323968942080,kahuna754,Fri Apr 22 08:21:35 +0000 2022,-74.657639,40.9430575,@michelle_byoung @NicolasEdny And her mother Lynn is no slouch either. Liz has double the evil genes. I shudder.
1517418324862201856,marisajo_,Fri Apr 22 08:21:35 +0000 2022,-118.4119065,34.0207895,"I‚Äôll tell you this though, a queen-sized bed isn‚Äôt designed for two adults plus an abnormally large German Shepard."
1517418326045118465,JonnyRotten1714,Fri Apr 22 08:21:35 +0000 2022,-70.9963275,42.4192015,"If Trump becomes President again, I predictrecord high suicide ratesamong dems, libs andyoung cLimate cultists‚úãüòå"
1517418339219427328,ChrisBowenFL,Fri Apr 22 08:21:38 +0000 2022,-80.649699,28.117874,@elonmusk The future  is unset
1517418339508932608,gabifenomeno,Fri Apr 22 08:21:39 +0000 2022,-74.000501,40.714351,@NeGgRa3000 @NBCNewYork Correct‚Ä¶ but former President of #Guatemala üá¨üáπ -Alfonso Portillo- was released from U.S. ü¶Ö‚Ä¶ https://t.co/aCyvhxv8KC
1517418341798871045,J_Honey95,Fri Apr 22 08:21:39 +0000 2022,-121.979527,37.5236445,@Marisol_SayWhat I stand with Johnny https://t.co/QxycghC1sS
1517418342277165056,U2443060,Fri Apr 22 08:21:39 +0000 2022,-98.5406515,29.417501,"Lone Star Family , ""  Born in Texas "" https://t.co/LK1n11VszC"
1517418344676306944,testgeo2021,Fri Apr 22 08:21:40 +0000 2022,-122.39872,37.781157,TEST_LAT/LON: 2e49ca06-b523-4347-82c1-3547478d35fe
1517418352007909376,Hwhitestar,Fri Apr 22 08:21:42 +0000 2022,-73.9487755,40.655138,@arts_cara Good morning. üôèüèøüëçüèæ
1517418361184993280,lawleanne042,Fri Apr 22 08:21:44 +0000 2022,-84.2418635,40.1478565,@ASavageNation Obama was a major factor in the downfall of our country and continues to be.
1517418362145542144,CABEZAEMOTOR,Fri Apr 22 08:21:44 +0000 2022,-81.3677725,28.501678499999997,"West: Austin, San Antonio (Will attend Mexico area)East: Raleigh, Otlando (NC deserve a team, great location. ORL‚Ä¶ https://t.co/Im0Z6RCmPH"
1517418375001038848,Pollyesther34,Fri Apr 22 08:21:47 +0000 2022,-97.94828100000001,35.0329435,@shellveeng @MurseWordsworth I'm not sure what you mean.They're nurses who work in a hospice environment.
1517418375160414208,rusch_steven,Fri Apr 22 08:21:47 +0000 2022,-88.7355565,44.0373745,@ConnieStooksbu2 @thompsonb2569 Amen
1517418377060491265,HeatherKrumwied,Fri Apr 22 08:21:48 +0000 2022,-88.21311800000001,42.4025945,Cuellar: Biden Title 42 decision hurts Democrats ‚Äî and helps cartelshttps://t.co/VJAkrOPTgu
1517418383179862016,stephenproctor,Fri Apr 22 08:21:49 +0000 2022,-122.340638,45.58249,"@pauljpastor This is just so good, Paul. I‚Äôm up late &amp; can‚Äôt stop thinking about it. It hits the nail on the head."
1517418388741578752,AmandaMckNews,Fri Apr 22 08:21:50 +0000 2022,-81.3322935,28.7574865,Good morning! Join us now on #FOX35‚Äôs Good Day Orlando to hear the latest in the DeSantis vs. Disney news and get y‚Ä¶ https://t.co/x1mstVklFo
1517418403148955650,Dorvid4,Fri Apr 22 08:21:54 +0000 2022,-118.4119065,34.0207895,"Also, no clue why I attached this photo. It‚Äôs hilarious. Looks like a showdown is about to commence."
1517418403987816448,burncali,Fri Apr 22 08:21:54 +0000 2022,-117.9532395,34.0332605,Siiiick
1517418405371985920,LL_COOL_TAYE,Fri Apr 22 08:21:54 +0000 2022,-80.926628,33.6311395,Bih I‚Äôm forcing crash rnnnnn!!!!‚úåüèæ‚ù§Ô∏è
1517418411457794050,handsomeadult,Fri Apr 22 08:21:56 +0000 2022,-118.4119065,34.0207895,It‚Äôs crazy that I offered to bench press all your favorite celebs at the rock show tonight but they were all too scared.
1517418413244796928,Shxwnn,Fri Apr 22 08:21:56 +0000 2022,-97.754724,30.323345500000002,y‚Äôall be missing the whole picture of music‚Ä¶.
1517418413529997312,Poe04,Fri Apr 22 08:21:56 +0000 2022,-89.87644900000001,32.571032,@sarahlugor Goodü§∑üèΩ‚Äç‚ôÇÔ∏èüò© lol
1517418422627405824,Bodhihodi,Fri Apr 22 08:21:58 +0000 2022,-80.4764035,43.43024,Happy #EarthDay From Chance! https://t.co/dNqJunx0Jb
1517418426964217856,bobstroup,Fri Apr 22 08:21:59 +0000 2022,-106.7374385,32.342299499999996,@PHXCards11 @JohnnysFumble @TwitterSupport Just make another burner brah
1517418429157945345,Podia2Dromedary,Fri Apr 22 08:22:00 +0000 2022,-73.9685415,40.780709,"Remember when UN &amp; G7 laughed in face of America?Remember when America stood with Putin, Erdogan, Prince MBS, Kim‚Ä¶ https://t.co/7rQ8iIuiE5"
1517418439526154242,WalkerSam,Fri Apr 22 08:22:02 +0000 2022,-112.12467649999999,33.5528625,@wilbir31 Thank you!
1517418441375895553,MuvaMack,Fri Apr 22 08:22:03 +0000 2022,-71.812438,42.275760000000005,"Can‚Äôt sleep, booo"
1517418444580392961,GonzoJ40,Fri Apr 22 08:22:04 +0000 2022,-80.2497725,26.270260999999998,Their were dark days in my pastWhen I walked amongst the shadows Waning in a battle fieldDodging flying arrowsA‚Ä¶ https://t.co/Oq2LbGUEAy
1517418450767028224,HeatherKrumwied,Fri Apr 22 08:22:05 +0000 2022,-88.21311800000001,42.4025945,CNN+ streaming service to shut down after just one monthhttps://t.co/H1aEurGS08
1517418453920935936,zukeferd,Fri Apr 22 08:22:06 +0000 2022,-121.6412685,36.6891495,YayWordle 307 5/6‚¨úüü®üü®‚¨ú‚¨ú‚¨úüü®üü©üü®‚¨ú‚¨úüü©üü©‚¨úüü©üü©üü©üü©‚¨úüü©üü©üü©üü©üü©üü©
1517418454076116992,the_conn_man_,Fri Apr 22 08:22:06 +0000 2022,-122.3306025,47.614817,Fuck
1517418458786410496,wokthedog,Fri Apr 22 08:22:07 +0000 2022,-121.2506635,38.805335,Coincidence??? ü§¶
1517418462834040832,1ukenessmonster,Fri Apr 22 08:22:08 +0000 2022,-79.78030799999999,34.182661499999995,@zaysauerkrause Firstly bro proud of you for admitting this bc it‚Äôs not easy to be transparent always. Also trust m‚Ä¶ https://t.co/ffLz88ok9M
1517418467552489473,KDTheKreator,Fri Apr 22 08:22:09 +0000 2022,-118.4119065,34.0207895,"Man you know what I think about when I watch Middle Age movies? I always think ""Damn these people really lived in t‚Ä¶ https://t.co/v2g519aPV2"
1517418471633657857,NedRoss8,Fri Apr 22 08:22:10 +0000 2022,-92.0767015,32.521243,@EliteGuys_ You are so dam sexy to me can I swallow your nut down my throat!
1517418474225688577,AhearnColeen,Fri Apr 22 08:22:11 +0000 2022,-70.614284,41.680606999999995,@FireyTopaz Good morning Jasmine and Happy Friday my sweet friend! https://t.co/RTGtIr2Gkq
1517418481846792192,rusch_steven,Fri Apr 22 08:22:13 +0000 2022,-88.7355565,44.0373745,@john_cantu2 @thompsonb2569 Amen
1517418487773335554,ChrisBowenFL,Fri Apr 22 08:22:14 +0000 2022,-80.649699,28.117874,Few people  I would like to meet but life is short and people  like me don't get to meet people  like them
1517418488339570689,Joseph0622,Fri Apr 22 08:22:14 +0000 2022,-95.44648649999999,29.838495,Absolutely
1517418492433027074,justin_boydston,Fri Apr 22 08:22:15 +0000 2022,-111.96751599999999,41.082539499999996,@SimplyAS10 CHIEFS ARE GETTING HIM
1517418496317079553,mike_moroski,Fri Apr 22 08:22:16 +0000 2022,-84.53981250000001,39.137038000000004,@Arnoldsbar @PostMalone Deal.
1517418501547315201,Michalangelo999,Fri Apr 22 08:22:17 +0000 2022,-118.4119065,34.0207895,@westonfront @PatrickZircher Wowwwww that‚Äôs fucked up
1517418503321489408,justinbreezyx,Fri Apr 22 08:22:18 +0000 2022,-118.4119065,34.0207895,@kriiistos_ it was my first job too ü§¶üèº now it all makes sense lol
1517418506320367616,JamesRi42582020,Fri Apr 22 08:22:18 +0000 2022,-117.319871,34.057348000000005,@WhiskeyRiff 80s country!
1517418510493765632,WalkerSam,Fri Apr 22 08:22:19 +0000 2022,-112.12467649999999,33.5528625,@StevenSaul Thanks Steve xx
1517418510636396546,danup,Fri Apr 22 08:22:19 +0000 2022,-110.9155735,32.1893905,"Late James cannot make anything easy, so by the turn of the century you get a modified title drop at 50% instead https://t.co/PzxNtubiYp"
1517418517947105283,Pattysaluti11,Fri Apr 22 08:22:21 +0000 2022,-70.9477915,42.199372999999994,Yes The Nose. I see it
1517418517611618304,Butter72035882,Fri Apr 22 08:22:21 +0000 2022,-87.732013,41.8335845,@Clo29524810 Happy Friday Gemmaaaaa!!!!!!!!! https://t.co/gfnbeGpixu
1517418519675084800,HallidaySZN,Fri Apr 22 08:22:22 +0000 2022,-118.48042000000001,34.022688,Few things funnier https://t.co/Ft6ihwsQ3t
1517418526419660800,flcfly101,Fri Apr 22 08:22:23 +0000 2022,-97.754724,30.323345500000002,@DrunkScribe On the bookshelf in your library.
1517418528239849472,hangwithbri,Fri Apr 22 08:22:24 +0000 2022,-110.9155735,32.1893905,saw a dispute about period panties/menstrual cups/etc. VS tampons and im just gonna leave this here: https://t.co/4ra37p1Zpw
1517418535668043777,clutch_malik,Fri Apr 22 08:22:25 +0000 2022,-89.92202900000001,35.1335205,Fast they stick on double 00 big homie know we handle business in da CITYYYYYY #FreeCmoney
1517418536553041920,starshiptroopr,Fri Apr 22 08:22:26 +0000 2022,-80.134986,26.3739755,"Fallen Angel Poison ( got damn great up front tickets for Motley Cru Poison, Def Leppard &amp; Joan Jett &amp; the Blackhea‚Ä¶ https://t.co/YseCYxroOM"
1517418542848782344,Highpriestjerry,Fri Apr 22 08:22:27 +0000 2022,-80.883981,35.410351000000006,93 i did the midnight liber resh and the nightly prayer to the goddess nuit. Then i did the lessser banishing ritua‚Ä¶ https://t.co/ktXec1e1QV
1517418550041919488,chunkypnutbutta,Fri Apr 22 08:22:29 +0000 2022,-71.0887125,42.3136695,@YslMani08 it do?
1517418554231951360,ToddAultIII,Fri Apr 22 08:22:30 +0000 2022,-117.0226945,38.502147,How Jeff Bezos Started Amazon - How to quit your job for your own business https://t.co/xgmzwAxVug via @YouTube
1517418557549670400,BrothaOsh,Fri Apr 22 08:22:31 +0000 2022,-117.294096,34.134924999999996,@NoreNarcotix Been there before
1517418558824845312,AhearnColeen,Fri Apr 22 08:22:31 +0000 2022,-70.614284,41.680606999999995,@akikigate Good morning Kiki and Happy Friday my sweet friend! https://t.co/pxRMKdQUwX
1517418559596634112,SComiter,Fri Apr 22 08:22:31 +0000 2022,-81.2644085,28.524680500000002,Blonde girls just want to have fun for show
1517418559768514560,HerniquaWare26,Fri Apr 22 08:22:31 +0000 2022,-95.44648649999999,29.838495,Ill be Ight these next 10 days
1517418567230230528,nessa0nTwit,Fri Apr 22 08:22:33 +0000 2022,-92.6338345,32.5369,"I wish a nigga would ‚ÄúI just miss my granny‚Äù me, bc you can join her fr. üò≠üòÆ‚Äçüí®ü´∂üèæ"
1517418568819691520,WalkerSam,Fri Apr 22 08:22:33 +0000 2022,-112.12467649999999,33.5528625,@HelenBrown75 Wah!x
1517418570199797761,oldmanfall04,Fri Apr 22 08:22:34 +0000 2022,-83.1738665,32.6782075,What would you give up for your teammates? https://t.co/ZVqEx2olth #DailyDevotional #FCA #TheFCATeam
1517418576881274881,whatshaniwants,Fri Apr 22 08:22:35 +0000 2022,-90.1580165,32.230987,dreezy and tpain made a classic like i dont think i could ever get tired of close to you
1517418579041427457,WeAreTheRyan,Fri Apr 22 08:22:36 +0000 2022,-87.732013,41.8335845,Rewatched the death episode of @MidnightGospel for the first time since... Had been waiting for the right moment an‚Ä¶ https://t.co/6Z6t8WYXVr
1517418583189602305,minnesportsman1,Fri Apr 22 08:22:37 +0000 2022,-96.0701905,46.2875235,@NickNelsonMN Even though Nellie was great!
1517418592655925248,lordylx,Fri Apr 22 08:22:39 +0000 2022,-73.86085700000001,40.944567500000005,I wish I had some damn weed rn üò≠
1517418596778987520,valesvergaval,Fri Apr 22 08:22:40 +0000 2022,-117.3630675,34.531222,Late night drives do me good &lt;3 https://t.co/FrrIePiAwZ
1517418600403017729,gracesvill,Fri Apr 22 08:22:41 +0000 2022,-73.9685415,40.780709,"P.s., It‚Äôs OK. I didn‚Äôt show up in the practices and they looked for another girl instead who enjoyed the performan‚Ä¶ https://t.co/OuO8TdzyW6"
1517418600776318976,GonzoJ40,Fri Apr 22 08:22:41 +0000 2022,-80.2497725,26.270260999999998,There were dark days in my pastWhen I walked amongst the shadows Waning in a battle fieldDodging flying arrowsA‚Ä¶ https://t.co/ogiWYzW98k
1517418600197459970,realjaylemonade,Fri Apr 22 08:22:41 +0000 2022,-82.558405,28.193869499999998,Adventures With Jay + Goldiii #AWJAG Cali - Florida Road-trip Vlog Coming Soon! https://t.co/9Y2qOSAFkm
1517418604496666627,xLaDonna1971x,Fri Apr 22 08:22:42 +0000 2022,-82.7553405,27.9927105,I wish I had known about the big birthday post to @JDMorgan  I really would have loved to been a part of it... noone even told me üò•üò•
1517418607545884673,thej2x,Fri Apr 22 08:22:42 +0000 2022,-97.754724,30.323345500000002,And mfs still gon hate on him üò≠
1517418612587319296,TVMCCA,Fri Apr 22 08:22:44 +0000 2022,-118.4119065,34.0207895,Wordle 307 4/6‚¨úüü®‚¨ú‚¨ú‚¨úüü®‚¨ú‚¨úüü®üü©‚¨úüü©üü©‚¨úüü©üü©üü©üü©üü©üü©
1517418619684020225,ItalyPittman,Fri Apr 22 08:22:45 +0000 2022,-122.4359785,37.7706565,@mistyonpointe @Breitling @VictorHenao Congratulations! ü•∞üíïüíïü©∞
1517418623911882752,toni_thwd1,Fri Apr 22 08:22:46 +0000 2022,-122.16076749999999,47.4506245,@DukeHomer So beautiful and unique ‚ù§. Your talent is amazing üëè.
1517418630236934144,TheAntiTrumper,Fri Apr 22 08:22:48 +0000 2022,-117.386642,34.0976985,Shit was juicy!
1517418630862061570,allan_carty,Fri Apr 22 08:22:48 +0000 2022,-79.616073,43.555244,@lifestyle_a2z I like the scene from  Fast Times at Ridgemont High. What a movie. https://t.co/T3n63qSUme
1517418632527028224,camcavers,Fri Apr 22 08:22:48 +0000 2022,-123.123581,49.257639,"@mangotable @worksofgenius Same. The IKEA one, which is excellent because it works as a desk lamp and even has a phone holder‚Ä¶"
1517418633265389568,StevenLanham721,Fri Apr 22 08:22:49 +0000 2022,-100.0768885,31.1688935,@warrior19RN Seeing you is the best way that I've had to take the pain away from both of my knees the fluid for my‚Ä¶ https://t.co/3Q1CcDNVSl
1517418636306223104,GFYEntertainmnt,Fri Apr 22 08:22:49 +0000 2022,-84.557366,38.225072499999996,So Dumb it's Criminal #SoDumbItsCriminal hosted by @SnoopDogg #SnoopDogg is fuckn hilarious it's only on #Peacock y'all need üëÄ it
1517418637312856065,AhearnColeen,Fri Apr 22 08:22:50 +0000 2022,-70.614284,41.680606999999995,@FireyTopaz Happy Friday sweetie! https://t.co/MJzNNeaOHm
1517418641007988736,MadMaxx16609707,Fri Apr 22 08:22:50 +0000 2022,-80.926628,33.6311395,Horny af
1517418646271844353,MeiLeiKare,Fri Apr 22 08:22:52 +0000 2022,-98.5406515,29.417501,@lonestarchrisk @GregAbbott_TX Lol because local militia groups defended the Alamo and monuments when a psychotic m‚Ä¶ https://t.co/30yOngK5eS
1517418647039455232,AndrewKLAUS,Fri Apr 22 08:22:52 +0000 2022,-118.3136344,34.09073173,Just posted a photo @ Los Angeles/Hollywood California https://t.co/5DP08HuJo5
1517418649778229248,thatswhatsup323,Fri Apr 22 08:22:53 +0000 2022,-118.4119065,34.0207895,@J_Grajeda23 That one is def a slippery sloap ü•¥
1517418654844915712,sh0wluo,Fri Apr 22 08:22:54 +0000 2022,-118.4119065,34.0207895,My homegirl just told me u can just hit up girls now and ask to hook up straight up? Like wtf times have changed.
1517418659165179905,HouseofM2,Fri Apr 22 08:22:55 +0000 2022,-75.117998,40.0048655,am i the only Gay that still wants a committed relationship? where‚Äôs all the gays that wanna settle down?! üò£
1517418662029934593,BePlantiful,Fri Apr 22 08:22:55 +0000 2022,-122.20437,47.67232,Just posted a photo @ Plantiful Superfoods https://t.co/goQB4MIWLK
1517418664609427456,lisabober,Fri Apr 22 08:22:56 +0000 2022,-85.7223455,38.195555,Nailed it!Wordle 307 2/6‚¨õ‚¨õüü©‚¨õüü©üü©üü©üü©üü©üü©
1517418674453368833,Theylovestorm_,Fri Apr 22 08:22:58 +0000 2022,-84.433106,33.7671945,Also to reflect on dating women for the last 6 or 7 years has been horrible. Like literally nightmare after nightma‚Ä¶ https://t.co/37qKobtcZd
1517418675363401729,PRESSURE937,Fri Apr 22 08:22:59 +0000 2022,-84.200366,39.78035800000001,Who's headed to work right now?
1517418679104942080,mariemeee___,Fri Apr 22 08:23:00 +0000 2022,-89.92202900000001,35.1335205,"@BossManeBalla Facts, you‚Äôre right brother."
1517418681814425600,IamDarthmaul20,Fri Apr 22 08:23:00 +0000 2022,-92.13127399999999,34.7519365,Cannot wait for Star Wars Week
1517418683680714753,burncali,Fri Apr 22 08:23:01 +0000 2022,-117.9532395,34.0332605,@crypto22221 @HungryMcGregor @TheNotoriousMMA You're no fun bro
1517418686088237056,pdxpolicelog,Fri Apr 22 08:23:01 +0000 2022,-122.528613,45.477021,"SUSPICIOUS SUBJ, VEH, OR CIRCUMSTANCE at 13100 SE FOSTER RD, PORT [Portland Police #PP22000106183] 01:19 #pdx911"
1517418687082295297,pdxpolicelog,Fri Apr 22 08:23:01 +0000 2022,-122.538057,45.529415,"DISTURBANCE - PRIORITY at 900 NE 122ND AVE, PORT [Portland Police #PP22000106142] 00:07 #pdx911"
1517418690593046529,chino9341,Fri Apr 22 08:23:02 +0000 2022,-73.9685415,40.780709,Making a comeback every 5 days @Gabs7O7Wordle 307 3/6‚¨ú‚¨ú‚¨ú‚¨ú‚¨úüü©üü®‚¨úüü©üü©üü©üü©üü©üü©üü©
1517418691566047233,fusillijerry_,Fri Apr 22 08:23:03 +0000 2022,-123.123581,49.257639,@F34rZxro I don‚Äôt think they can
1517418692182609921,ana_ban_anaa,Fri Apr 22 08:23:03 +0000 2022,-118.4119065,34.0207895,idk about u but im not for hitting kids. much less ur own kids. ü´§
1517418694267351041,AMonty90,Fri Apr 22 08:23:03 +0000 2022,-100.0768885,31.1688935,Hubby &amp; I always say this üòÇ his PR team is insane ü§Ø
1517418695089397762,everylotla,Fri Apr 22 08:23:03 +0000 2022,-118.35038761,34.21638578,10050 Chardonnay Court https://t.co/nGWhditx4u
1517418695148011520,markdayao,Fri Apr 22 08:23:03 +0000 2022,-157.799589,21.3199435,"@nikosleverenz The acting is really good and at the bare minimum, West is portrayed as a frantic personnel boss. So‚Ä¶ https://t.co/wmedhwyhYz"
1517418696011964416,WalkerSam,Fri Apr 22 08:23:04 +0000 2022,-112.12467649999999,33.5528625,@aconaghan Ahhhhh! Thank you!
1517418703805161475,lilboimx,Fri Apr 22 08:23:05 +0000 2022,-100.27047400000001,25.736714999999997,Woah
1517418708045639680,dylannn7_,Fri Apr 22 08:23:06 +0000 2022,-97.86345800000001,29.9892425,"If I wake up to Christmas morning in my inbox, by all means leave a reply. I'll get right on that response when I come back next year lol"
1517418709232623616,Pluvlaw,Fri Apr 22 08:23:07 +0000 2022,-79.78030799999999,34.182661499999995,@bradyqg Lee Bright somewhere feeling left out‚Ä¶ https://t.co/8MyXCXvpmS
1517418709765214209,Joseph0622,Fri Apr 22 08:23:07 +0000 2022,-95.44648649999999,29.838495,Gorgeous
1517418710172065798,Mr_BHudgins,Fri Apr 22 08:23:07 +0000 2022,-96.7617535,32.819858499999995,Skin-on salmon when you fry the skin crispy &gt;&gt;
1517418711359135746,_enter_galactic,Fri Apr 22 08:23:07 +0000 2022,-97.28591349999999,32.7799665,"@Major_OD Happy birthday dude, stay blessed"
1517418713502425088,BillShepherd5,Fri Apr 22 08:23:08 +0000 2022,-82.6694675,40.365159500000004,@RonFilipkowski Fry all those ORANGE ASS KISSING WUSSIES..AMERICANS KICK ATTACKERS ASS NOT KISS..SMACK THE FUCK OUT‚Ä¶ https://t.co/XQSlA3D9TI
1517418713821200386,clutch_malik,Fri Apr 22 08:23:08 +0000 2022,-89.92202900000001,35.1335205,In Da Haven !
1517418723493048320,MyBrokerDarin,Fri Apr 22 08:23:10 +0000 2022,-117.3630675,34.531222,@tracycupcake20 Women and men need each other. Women and men are different. That's hiw it should be. We don't have‚Ä¶ https://t.co/am24j0WIYB
1517418727687561217,rudyalvrzzzz,Fri Apr 22 08:23:11 +0000 2022,-100.0768885,31.1688935,give me all the strength
1517418728685973504,zoedouglas23,Fri Apr 22 08:23:11 +0000 2022,-105.0639425,40.564190499999995,@matthewthull98 Omg why are they not paying you
1517418732271718400,BigNosedBully,Fri Apr 22 08:23:12 +0000 2022,-122.2329345,37.4972935,"@Yxdde_the_gamer Salt Carmel, with health bar!"
1517418735992139777,NWSSevereTstorm,Fri Apr 22 08:23:13 +0000 2022,-97.27112362,41.55356099,"Severe Thunderstorm Warning including Columbus NE, Leigh NE, Duncan NE until 4:15 AM CDT https://t.co/PsmcvderjP"
1517418746054332416,alsdjhw,Fri Apr 22 08:23:15 +0000 2022,-95.44648649999999,29.838495,why older people hate weed when they generation did crack
1517418748730216448,NWSOmaha,Fri Apr 22 08:23:16 +0000 2022,-97.27112362,41.55356099,"Severe Thunderstorm Warning including Columbus NE, Leigh NE, Duncan NE until 4:15 AM CDT https://t.co/ewJylHeoqv"
1517418754329780227,Bobby4408624409,Fri Apr 22 08:23:17 +0000 2022,-79.861034,35.1704985,@saecyi I want you make love to your
1517418754921025536,vabaddie97,Fri Apr 22 08:23:18 +0000 2022,-118.4119065,34.0207895,@notgayneverwas Changing the pronouns and keeping the sentence the same to show it‚Äôs a common mistake this person i‚Ä¶ https://t.co/cdqDxzpwFs
1517418755650953216,Pollyesther34,Fri Apr 22 08:23:18 +0000 2022,-97.94828100000001,35.0329435,@herbriede @GeorgeTakei Or we could just properly fund schools.
1517418759123656704,wolfiemelili,Fri Apr 22 08:23:19 +0000 2022,-118.335142,33.889523499999996,I hate gaslighting mfs I‚Äôll set u back in your place mentally
1517418762198261766,Zetastar1226,Fri Apr 22 08:23:19 +0000 2022,-72.957097,41.273170500000006,"@ho_howard https://t.co/NlJ9tEw4Eo yep, it gets crazier than that! üôÉüòÜ"
1517418763133411328,suns_tutu_fan,Fri Apr 22 08:23:20 +0000 2022,-112.12467649999999,33.5528625,"And by ""shower him"" I mean love and kiss on him till he gets annoyed with me. Lmao. Which honestly takes a while be‚Ä¶ https://t.co/dVDCg3BtYb"
1517418764555493376,MarkusZamudio,Fri Apr 22 08:23:20 +0000 2022,-107.3420565,24.6624885,2:22 gone
1517418771757084672,copperwireprod,Fri Apr 22 08:23:22 +0000 2022,-80.1783915,26.03968,@nofilmschool Scent of a Woman
1517418780384768001,ebcinpa,Fri Apr 22 08:23:24 +0000 2022,-77.60468399999999,41.1179365,@KScott6abc @6abc Biggest opponent to Earth day https://t.co/axB9i8beri
1517418782234398722,yafaveangee,Fri Apr 22 08:23:24 +0000 2022,-97.116784,32.5735485,"keep thinking bout how at our appt for baby j, my husband had his phone out recording the whole session &amp; the smile‚Ä¶ https://t.co/kipgn03rgD"
1517418787397582849,RagincajunBill,Fri Apr 22 08:23:25 +0000 2022,-83.804475,27.698681999999998,@Peggy__________ @ScottDevroy1 I will follow as soon as I can...
1517418790195138561,melosmother,Fri Apr 22 08:23:26 +0000 2022,-122.3195515,37.994562,@ang2high4this Ima try it one day ü•¥
1517418793240305676,TunnelroadUS,Fri Apr 22 08:23:27 +0000 2022,-79.098482,36.0658195,@crimsonposy Well done!
1517418794473295872,MiYVKO,Fri Apr 22 08:23:27 +0000 2022,-118.4119065,34.0207895,This ice cream hitting different in this rain.
1517418801394077696,GonzoJ40,Fri Apr 22 08:23:29 +0000 2022,-80.2497725,26.270260999999998,There were dark days in my pastWhen I walked amongst the shadows Waning in a battle fieldDodging flying arrowsA‚Ä¶ https://t.co/05neSDJW5y
1517418803361202177,Jojo42069210,Fri Apr 22 08:23:29 +0000 2022,-90.1149685,38.882664500000004,@bt9840 Hey gorgeous
1517418806905352194,ChrisBowenFL,Fri Apr 22 08:23:30 +0000 2022,-80.649699,28.117874,"@johnrich Unless we can change fully the powers that be, will be continually screwed  and continue to get worse."
1517418807278538753,BigNosedBully,Fri Apr 22 08:23:30 +0000 2022,-122.2329345,37.4972935,"@Pongo_T_Pup Yum, and where I learned the magic of amazing gas station meals"
1517418811338608640,Jigsaw_Johnny,Fri Apr 22 08:23:31 +0000 2022,-116.237907,33.7446325,Outfit detail. | @coachella 4.22.22 https://t.co/jV8vvwLKIe
1517418815369457666,1CUTEB_TCH,Fri Apr 22 08:23:32 +0000 2022,-105.5508905,38.997935999999996,I love my tAttooü•∞ü•∞
1517418816321507328,lorenzo69869123,Fri Apr 22 08:23:32 +0000 2022,-77.0143985,38.898602999999994,@galyyyj14 You asked!!!! ü§∑üèª‚Äç‚ôÇÔ∏è https://t.co/jt1f9QvjOP
1517418820394045440,KidneysJoe,Fri Apr 22 08:23:33 +0000 2022,-116.36131950000001,43.6918465,one night i will fix my sleep schedule but tonight is not that night
1517418821266534401,mystyqua,Fri Apr 22 08:23:33 +0000 2022,-117.96853999999999,33.769045,I‚Äôve quenched my thirst with you. I‚Äôve had enough of you. It‚Äôs time to love me without you first.
1517418823556640769,wendymelll,Fri Apr 22 08:23:34 +0000 2022,-119.7824645,36.786041999999995,Bitches will throw anything but them handsü§£
1517418826643632128,JamesRi42582020,Fri Apr 22 08:23:35 +0000 2022,-117.319871,34.057348000000005,@Ddrew_322 Hmm ü§î what do you wanna talk about?üá∫üá∏üè≥Ô∏è‚Äçüåà
1517418829311135744,EntertainThat,Fri Apr 22 08:23:35 +0000 2022,-121.58122900000001,37.004844000000006,The white matter is basically just cushion right?
1517418830405914625,EntertainThat,Fri Apr 22 08:23:36 +0000 2022,-121.58122900000001,37.004844000000006,And reflexes?
1517418830418563072,RexDiamonds,Fri Apr 22 08:23:36 +0000 2022,-91.40100849999999,30.937336000000002,GS really got them a KD replacement https://t.co/aQx8JNBDcm
1517418832712900608,Shady7769,Fri Apr 22 08:23:36 +0000 2022,-75.392615,39.8730715,@jonjohnsonwip Howie just made a risky move trading one of the first Rd. Picks to New Orleans.
1517418832964554752,DjcurtC,Fri Apr 22 08:23:36 +0000 2022,-86.5851,36.307425,"Oh people n AMERICA, I got the news late b/c of the NBA playoffs. @McCarthy just flat out lied, knowing @Liz_Cheney‚Ä¶ https://t.co/riRXrW2UPo"
1517418842812784641,HelicoptersofDC,Fri Apr 22 08:23:39 +0000 2022,-77.01422,38.927673,#N87ME is a EC45 SkyBear Helicopter https://t.co/O8cCEq1Y3J https://t.co/hJcph0tCZ0
1517418844960133120,suns_tutu_fan,Fri Apr 22 08:23:39 +0000 2022,-112.12467649999999,33.5528625,@mitchmds16 Frenchies are so amazing!
1517418850844913665,HelicoptersofDC,Fri Apr 22 08:23:40 +0000 2022,-77.035954,38.828522,#C-FYMQ is a B407 at altitude: 36000ft https://t.co/1S0ZcnAPCj
1517418854078636033,xLaDonna1971x,Fri Apr 22 08:23:41 +0000 2022,-82.7553405,27.9927105,Happy Birthday @JDMorgan!!!!!‚ù§‚ù§‚ù§‚ù§‚ù§‚ù§‚ù§
1517418859459919873,Only1WhoJ,Fri Apr 22 08:23:43 +0000 2022,-83.1738665,32.6782075,Arthur punched the fuck out of DW. that‚Äôs what her ass get. Don‚Äôt touch my Fkn plane.
1517418861586436096,TooReal_Truu,Fri Apr 22 08:23:43 +0000 2022,-85.7027245,42.2844555,I need to do laundry so bad bro
1517418863708811264,David_K_Style,Fri Apr 22 08:23:44 +0000 2022,-82.36273249999999,27.709769,@tipsforpossum Ignore the haters
1517418867257233409,ItsIyke_,Fri Apr 22 08:23:44 +0000 2022,-76.593943,24.074967,@NalaMonroe That kid is big bully. Bloody hell.
1517418870042148865,ItsTexasT03,Fri Apr 22 08:23:45 +0000 2022,-100.0768885,31.1688935,From a warehouse worker barely making $13 an hr to being a independent contractor I'm thankful I didn't remain stagnantüôèüèæ #growth
1517418877684133888,toni_thwd1,Fri Apr 22 08:23:47 +0000 2022,-122.16076749999999,47.4506245,@mentalcasemama Y mouth is watering AGAIN üòä‚ù§.
1517418887821754368,jessolv_,Fri Apr 22 08:23:49 +0000 2022,-121.779628,36.6798675,"The rain rn, all the vibes"
1517418894155210758,clutch_malik,Fri Apr 22 08:23:51 +0000 2022,-89.92202900000001,35.1335205,Yea you interesting babe.
1517418894675357697,shawnwentcrazy,Fri Apr 22 08:23:51 +0000 2022,-83.1738665,32.6782075,nah this is insane https://t.co/keWTYzntdC
1517418908432703488,TFH721,Fri Apr 22 08:23:54 +0000 2022,-77.2369685,38.8051145,"Yankees, Steelers, cowboys and Red Sox . Come to my mind."
1517418909711966210,RagincajunBill,Fri Apr 22 08:23:55 +0000 2022,-83.804475,27.698681999999998,@Bitemefuker @kkennedy38 I have zero doubt about it ‚ô•Ô∏èüåπü•∞
1517418920298180608,JRNicole4,Fri Apr 22 08:23:57 +0000 2022,-117.5621525,34.12167,"@_7_6__NEWS I‚Äôm thinking this is a certain patriotic Stud known as Colonel Allen West. I will say sir, serving in t‚Ä¶ https://t.co/jHe7snktSP"
1517418929806659587,MarkSelzer,Fri Apr 22 08:23:59 +0000 2022,-115.135165,36.0609645,High blood pressure medication kills your erection. So you get to live if you take the medication üíä but you really‚Ä¶ https://t.co/ig0d80rbk1
1517418931945975808,mackette52,Fri Apr 22 08:24:00 +0000 2022,-77.60468399999999,41.1179365,China reveals new 'Global Security Initiative' https://t.co/ksqNqmAP9q
1517418941320028160,HCAFloridaJobs,Fri Apr 22 08:24:02 +0000 2022,-80.2878794,27.2932971,Port St Lucie Surgery Center provides unparalleled career opportunities in all clinical specialties. See if you‚Äôre‚Ä¶ https://t.co/5s8L3ZtbMm
1517418942888914945,subcucknc,Fri Apr 22 08:24:02 +0000 2022,-79.861034,35.1704985,@GayCheater Sounds perfect
1517418974849519621,AhearnColeen,Fri Apr 22 08:24:10 +0000 2022,-70.614284,41.680606999999995,@shareyourview2 Good morning simple and Happy Friday! https://t.co/EmGsYnJjBG
1517418977051308032,YJPTHASTARRGODD,Fri Apr 22 08:24:11 +0000 2022,-118.4119065,34.0207895,Turning TF up on these ü•∑ü•∑üèæü•∑üèª‚Äô$. 2222 Day‚ùï
1517418979320606722,PinellasCo911,Fri Apr 22 08:24:11 +0000 2022,-82.64716027,27.76799103,Alert: UNCONFIRMED STRUCTURE FIRE @ 305 S DR MARTIN LUTHER KING JR ST Tac: E Sent: E5 E3
1517418983581966336,GedawnGedonny,Fri Apr 22 08:24:12 +0000 2022,-82.985772,39.9946835,Big Tymers - Still Fly (Official Music Video) https://t.co/mZhFn9OorO via @YouTube
1517418989424721923,TheoneTony_Jay,Fri Apr 22 08:24:14 +0000 2022,-80.704173,32.445972,Het @Disney move to Illinois I‚Äôm sure you and @GovPritzker can hammer out something.
1517418989520965632,ianabunny,Fri Apr 22 08:24:14 +0000 2022,-117.70090300000001,34.0717425,Wahahahhaha I keep on thinking of üçâ
1517418989755899904,handsomeadult,Fri Apr 22 08:24:14 +0000 2022,-118.4119065,34.0207895,I should have five star frog slashed the entire band called pup.
1517419007636242432,MacNimmy,Fri Apr 22 08:24:18 +0000 2022,-119.827182,39.512436,@aloeblacc @BeatHeadzNFTs @cryptocomnft Had to get me 1 https://t.co/T1sHuLo4XU
1517419010358341632,69EasyRider69,Fri Apr 22 08:24:19 +0000 2022,-123.123581,49.257639,@GlobalBC Police üëÆ‚Äç‚ôÄÔ∏è do not care to deal with stuff like this. That‚Äôs why we need a open gun carry law I stand fir‚Ä¶ https://t.co/AdrTel1L4b
1517419012824608768,_gliv,Fri Apr 22 08:24:19 +0000 2022,-104.99718999999999,39.647635,"‚Äúi am an emotional soup‚Äù same, @Subtronics"
1517419022165463041,jbxsmoooove,Fri Apr 22 08:24:21 +0000 2022,-79.0021125,35.054626999999996,@coachquiis tryna shake back gang ü§¶üèæ‚Äç‚ôÇÔ∏è
1517419025164378112,canada_disabled,Fri Apr 22 08:24:22 +0000 2022,-78.166489,43.8136735,@breakfasttv @DinaPugliese @CP24Breakfast @FrankFerragine @EvanLSolomon @RosieBarton @ctvqp @CPAC_TV‚Ä¶ https://t.co/UvRvf2b7vn
1517419026305241088,MarParNews,Fri Apr 22 08:24:22 +0000 2022,-87.732013,41.8335845,@LBannonWX @cbschicago @AudrinaBigos @RyanBakerMedia @MugoOdigwe It‚Äôs not too late to take it back ü•≤
1517419026518970368,cur_ray,Fri Apr 22 08:24:22 +0000 2022,-118.4119065,34.0207895,@Shahabs Great read !
1517419038778871808,mattgswlvroak,Fri Apr 22 08:24:25 +0000 2022,-122.0429745,38.233362,@JustinS86881732 @benmaller @raider_rob24 Attendance as a whole is down all over baseball. That lockout really kept‚Ä¶ https://t.co/pwH4c2R2so
1517419045456269313,pradiggitydog,Fri Apr 22 08:24:27 +0000 2022,-117.0226945,38.502147,There‚Äôs live rugby league on in a couple of hours on FS2‚Ä¶ some good entertainment while the internet tries to fix itself.
1517419048425861121,LA2theBAYallday,Fri Apr 22 08:24:28 +0000 2022,-117.815428,34.000937,@BettorHedge Greinke has 2 ks for The entire season. Run from his K props https://t.co/RGU03Wwdet
1517419051408003072,TheAntiTrumper,Fri Apr 22 08:24:28 +0000 2022,-117.386642,34.0976985,@xAbbottx Fuck that's tough!!
1517419057238188032,drearydrew,Fri Apr 22 08:24:30 +0000 2022,-87.732013,41.8335845,are you a call to action kinda gal or a Chicago transit authority kinda gal
1517419067149193216,Visheshpires,Fri Apr 22 08:24:32 +0000 2022,-118.325145,34.182159999999996,@iamfrancabrera Why is the sky crying? This is upsetting
1517419068818694144,Raynah_Natavia,Fri Apr 22 08:24:32 +0000 2022,-80.8467855,35.209058999999996,I‚Äôm scared
1517419081422442496,hk_chiu,Fri Apr 22 08:24:35 +0000 2022,-117.104989,32.810012,@KFidds At least as good as a single and insures the pitcher worked at least 4 pitches.
1517419082215215107,ChrisBowenFL,Fri Apr 22 08:24:36 +0000 2022,-80.649699,28.117874,@laurenboebert Screw that shit. They went to school  and got that debt. Time for them to take responsibility and pay off their own debts
1517419082718588928,tomboy_76013,Fri Apr 22 08:24:36 +0000 2022,-97.461937,32.685584500000004,@dragonfly_lamb I‚Äôm not catching the relation between age and the woods with jeopardy.
1517419083909812225,insideeoutside,Fri Apr 22 08:24:36 +0000 2022,-73.8311875,40.6708795,I just wanna be in nature this summer
1517419084782125056,Jet_Setter_Life,Fri Apr 22 08:24:36 +0000 2022,-95.3778145,30.0635145,This Drive Home Finna Be Fye. So Ready To See My Friends
1517419089118998528,MikeZiemer,Fri Apr 22 08:24:37 +0000 2022,-116.5172895,33.8250795,@snot 35 days until you smash @sowhatmusicfest ü§åüèºü§åüèºü§åüèº
1517419090763202560,droel666,Fri Apr 22 08:24:38 +0000 2022,-97.754724,30.323345500000002,And yes I'm using @steak_umm and yes I'm using HEB bollilos. If you have problems with that then go fuck yourself.
1517419095528034304,Hwhitestar,Fri Apr 22 08:24:39 +0000 2022,-73.9487755,40.655138,@GudrunDieckmann Good morning
1517419105132765185,JosueMa48431765,Fri Apr 22 08:24:41 +0000 2022,-117.000831,32.7055765,@LenaUrGirl Yes my dick is real  üòçüòçüíã‚ù§Ô∏è https://t.co/69LM2ocqpk
1517419105787203586,KendalWithOneL_,Fri Apr 22 08:24:41 +0000 2022,-97.1356375,32.70185,ceo of dropping my cigarette off the second story balcony when i‚Äôm drunk
1517419107561353216,MelloRello3,Fri Apr 22 08:24:42 +0000 2022,-117.32087899999999,33.226316,Oh Niggas thought they was gon talk to me crazy tonight. That‚Äôs crazy.
1517419109901910018,ButtSniff10,Fri Apr 22 08:24:42 +0000 2022,-73.8494415,40.8503475,He young as hell but he fine
1517419116298227714,Bodhihodi,Fri Apr 22 08:24:44 +0000 2022,-80.4764035,43.43024,@CarlyanneMcCon1 Morning! https://t.co/UmHc8zSxxK
1517419129355055104,kikovanitysims,Fri Apr 22 08:24:47 +0000 2022,-95.11855,29.7936785,@MOONEVICHE @beyonceparkwood üò≠üò≠üò≠ the video
1517419139266007040,Superfan_K,Fri Apr 22 08:24:49 +0000 2022,-86.1429225,39.7795625,I'm on yo ass FOREVER Fincher idc
1517419138897133569,jessica_kirsh,Fri Apr 22 08:24:49 +0000 2022,-97.186153,25.987281,"Good morning, world! I‚Äôm starting my morning early here at #Starbase. https://t.co/GINqNtjKOl"
1517419141208023040,bigskybabs,Fri Apr 22 08:24:50 +0000 2022,-122.2956495,37.83855,@DJRN0255 My kid just got this in 2! Will try after some sleep.
1517419141334016001,HollyhoodLa,Fri Apr 22 08:24:50 +0000 2022,-75.117998,40.0048655,everything and everybody just been a burn out today
1517419145628839938,kingsaiyan009,Fri Apr 22 08:24:51 +0000 2022,-98.189648,26.1679045,My phone number for WhatsApp‚Äôs 9569291659 in case you need the the real God I am always going to be praying for my‚Ä¶ https://t.co/xLdfz2UpOh
1517419146610298880,Tilted_Hawaiian,Fri Apr 22 08:24:51 +0000 2022,-158.0694295,21.344561,#NFTMusic Album Art and crazy promos like this to give exposure to my tilted style of musicMy confidence leaving‚Ä¶ https://t.co/wc6LYWGYwx
1517419149479186432,JamesRi42582020,Fri Apr 22 08:24:52 +0000 2022,-117.319871,34.057348000000005,"@gop4senate2022 ü§î hmm, might be a good idea because of unsavory teachers."
1517419154164359174,cduvall30,Fri Apr 22 08:24:53 +0000 2022,-96.7311425,43.5410145,Good morning Twitter! Finally Friday. Hope you all have a great day!!!
1517419153870655488,VNCHVZ,Fri Apr 22 08:24:53 +0000 2022,-104.92209349999999,39.713563,Flower girlüå∏ https://t.co/tpEqf9Oeqg
1517419157867872257,Dyefawx318,Fri Apr 22 08:24:54 +0000 2022,-74.2706755,40.584948499999996,Freedom is in sight god this weeek has been dragging
1517419159449133059,KatherineLoftus,Fri Apr 22 08:24:54 +0000 2022,-80.926628,33.6311395,@timonealpt @TimBourret @WDonaldMunson Justin Miller is #70
1517419161265258497,Pollyesther34,Fri Apr 22 08:24:54 +0000 2022,-97.94828100000001,35.0329435,@Mindy122333 @GeorgeTakei Yeah We should treat teachers like we do vapid celebrities.
1517419162410225664,rollerballer88,Fri Apr 22 08:24:55 +0000 2022,-117.890736,33.973046,@MailOnline That's nothing. Did Depp film her defecating on his bed?
1517419163882606592,1CUTEB_TCH,Fri Apr 22 08:24:55 +0000 2022,-105.5508905,38.997935999999996,üòÇ yall ass is crazy
1517419165778423811,chunkypnutbutta,Fri Apr 22 08:24:56 +0000 2022,-71.0887125,42.3136695,@LocdIn4Lyfe_ It touch ya belly button fren?
1517419169809010688,bretbarker,Fri Apr 22 08:24:57 +0000 2022,-121.9225715,36.552632,@CoinNerdy @KellyDiBacco @NMcK2 @akheriaty Yep.  Not that they are anyway
1517419175962099712,lakemitchells,Fri Apr 22 08:24:58 +0000 2022,-78.82221799999999,43.8309855,Wordle 307 3/6‚¨õüü®‚¨õüü®‚¨õüü®‚¨õüü©üü©‚¨õüü©üü©üü©üü©üü©
1517419182366859264,Highpriestjerry,Fri Apr 22 08:25:00 +0000 2022,-80.883981,35.410351000000006,93 this is the nightly prayer to the goddess nuit. I say this prayer every night. Hail satan. 93s https://t.co/RmsS5cWQQw
1517419182593347585,FrancesFurr1,Fri Apr 22 08:25:00 +0000 2022,-92.13127399999999,34.7519365,@HallsRobertson @RonFilipkowski And then America is going straight to hell cause the Repubs only want to do what tr‚Ä¶ https://t.co/boHZ2nkIaG
1517419183516139520,JanieRa05049374,Fri Apr 22 08:25:00 +0000 2022,-97.432425,27.737151,@MonicaFarrow @bluepitt79 @Berry25066179 @ChrisSaltlife43 @joshualongori13 @NaadiiaNaadiine @Vanessa51758301‚Ä¶ https://t.co/tpWkCvl0HX
1517419186192015360,Shady7769,Fri Apr 22 08:25:00 +0000 2022,-75.392615,39.8730715,"@MikeAngelina This guy Yohnson is really negative,his voice is getting really high Pitched."
1517419186401603584,NaomiiStars,Fri Apr 22 08:25:00 +0000 2022,-122.4359785,37.7706565,No more pictures of me until after surgery.
1517419186590470151,LewDawg85,Fri Apr 22 08:25:01 +0000 2022,-92.9965335,30.237724,"@korea3xs Damn, she thick..."
1517419186930212864,RezDgk,Fri Apr 22 08:25:01 +0000 2022,-98.319925,38.498196,They outta line giving Jerry West his own sex scene in wining time ü§£
1517419189018841088,PueblaNinz,Fri Apr 22 08:25:01 +0000 2022,-119.30660750000001,37.2691755,"When you I feel heavy, I keep calm and carry on. üß∏"
1517419190478548992,pdxpolicelog,Fri Apr 22 08:25:01 +0000 2022,-122.485238,45.499305,"NOISE DISTURBANCE at 17200 SE KELLY ST, PORT [Portland Police #PP22000106182] 01:21 #pdx911"
1517419191329951744,pdxpolicelog,Fri Apr 22 08:25:02 +0000 2022,-122.673608,45.517734,"SUSPICIOUS SUBJ, VEH, OR CIRCUMSTANCE at SW MORRISON ST / SW 1ST AVE, PORT [Portland Police #PP22000106186] 01:19 #pdx911"
1517419193070620672,pdxsherrifflog,Fri Apr 22 08:25:02 +0000 2022,-122.434294,45.516794,"DISTURBANCE - PRIORITY at 800 SE 223RD AVE, GRSM [Gresham Police #PG22000014658] 00:50 #pdx911"
1517419197344755713,earthshook,Fri Apr 22 08:25:03 +0000 2022,-122.7591629,38.7806664,"Md 2.86 earthquake (automatic) occured at 2022-04-22T08:21:58 UTC, 0km NNW of The Geysers, CA https://t.co/RcIjTUZRU3"
1517419198502215683,BostonMarketJob,Fri Apr 22 08:25:03 +0000 2022,-80.1732731,26.0112721,CARVE your way through your new career; join the Boston Market team now! https://t.co/iVoo3CTq71 #BostonMarket #Hourly
1517419199894888449,TunnelroadUS,Fri Apr 22 08:25:04 +0000 2022,-79.098482,36.0658195,@swillerkitten Lovely!
1517419204118466561,barbiebrox,Fri Apr 22 08:25:05 +0000 2022,-89.13517,41.3466705,@Jillian22Betsy Are they Korean or Chinese?Can't blame them for wanting to escape either North Korea or China!
1517419215359143936,loverboy_tx,Fri Apr 22 08:25:07 +0000 2022,-118.4119065,34.0207895,Want sum dick!!
1517419215946493952,ChrisBowenFL,Fri Apr 22 08:25:08 +0000 2022,-80.649699,28.117874,@MsCharlotteWWE You look tired
1517419221256392704,houseofprecise,Fri Apr 22 08:25:09 +0000 2022,-75.77004099999999,42.746617,@Target @CliftonParkNY üö© üö© just tell us how you‚Äôre going to handle the team moving forward. AND KEEP YOUR HANDS OFF‚Ä¶ https://t.co/xlbx6QVpTd
1517419223185870852,Trixster13,Fri Apr 22 08:25:09 +0000 2022,-80.4643235,40.6521975,"@FilibusterSG No, I come seeking gold https://t.co/MBqDaftDns"
1517419226704666625,melodyfayre,Fri Apr 22 08:25:10 +0000 2022,-122.4359785,37.7706565,This movie gave me vertigo. I‚Äôm not kidding. @anakinstheme @postergirl5
1517419228449570816,KevinOrtizSF,Fri Apr 22 08:25:11 +0000 2022,-122.4359785,37.7706565,"@mo4good @J_LaRosa415 @garrytan Well, the proposed final draft map dilutes the Asian vote in D1 and D4, and splits‚Ä¶ https://t.co/ESyPvVX6hT"
1517419229829427200,paymeethemfee,Fri Apr 22 08:25:11 +0000 2022,-118.035289,34.070871,Soy el unico by yahritza would forever  be a bangerrrrrr üêê
1517419235475169280,AhearnColeen,Fri Apr 22 08:25:12 +0000 2022,-70.614284,41.680606999999995,@LisadefgD Thank you!  I never have time to keep up with following back so I apologize for my lateness!
1517419242487955457,ProjectResearc3,Fri Apr 22 08:25:14 +0000 2022,-77.2369685,38.8051145,Anchor farms this dry to support its 19.5%
1517419248611590145,BrothaOsh,Fri Apr 22 08:25:15 +0000 2022,-117.294096,34.134924999999996,@alayyjah Shit so soothing
1517419252533186560,keepitgooch,Fri Apr 22 08:25:16 +0000 2022,-149.7587945,61.2350425,@megth33scallion Dark chocolate solos sadly
1517419255624617985,Theylovestorm_,Fri Apr 22 08:25:17 +0000 2022,-84.433106,33.7671945,Also going to wake up in a few hrs to delete this LMFAOOOO. But seriously Is there someone out there that will not‚Ä¶ https://t.co/aBk1TFs0PH
1517419272670167042,soulja_full,Fri Apr 22 08:25:21 +0000 2022,-80.2333285,25.7823535,That‚Äôs a phat pussy üòèüëÖ
1517419277103468545,Brielle_x2,Fri Apr 22 08:25:22 +0000 2022,-157.799589,21.3199435,y‚Äôall weren‚Äôt joking abt scoprio men üòÖü´†
1517419283869048834,NivekAredlac,Fri Apr 22 08:25:24 +0000 2022,-80.3046625,25.857732,@SmileyPon hi u like what u see. ;D https://t.co/2RyhtuVqWa
1517419285030842368,canada_disabled,Fri Apr 22 08:25:24 +0000 2022,-78.166489,43.8136735,#PWDallies haven't read it uet
1517419299257868288,GryphonAshe,Fri Apr 22 08:25:27 +0000 2022,-80.23063450000001,26.2047925,@905Explorer Thank you puppy üíôüêæ
1517419302000939008,melissa__est67,Fri Apr 22 08:25:28 +0000 2022,-83.099288,42.3527865,That‚Äôs right Franklin. Take back what‚Äôs yours.  I can‚Äôt stand Louie. #Snowfall
1517419308841897987,Jojo42069210,Fri Apr 22 08:25:30 +0000 2022,-90.1149685,38.882664500000004,@RiyadhStella Hey gorgeous
1517419320300740610,aka12144,Fri Apr 22 08:25:32 +0000 2022,-81.97270499999999,28.049601000000003,@_MatthewThomp Congrats
1517419320355213313,nw3,Fri Apr 22 08:25:32 +0000 2022,-82.936399,39.964856499999996,@CJOppel In theory you should be
1517419325065474050,5iveDree,Fri Apr 22 08:25:34 +0000 2022,-75.117998,40.0048655,just b up bored ashit
1517419328575926272,JamesRi42582020,Fri Apr 22 08:25:34 +0000 2022,-117.319871,34.057348000000005,@NotcommieCapt I watch FOX NEWS
1517419332803907585,southwestthanos,Fri Apr 22 08:25:35 +0000 2022,-96.29164850000001,30.585471499999997,HOLD THAT HEAT
1517419348394057728,attackonmorgan,Fri Apr 22 08:25:39 +0000 2022,-118.4119065,34.0207895,@dndpenguin Hey who‚Äôs not respecting my handsome boyfriend I will fight! https://t.co/VXdOXeEUj0
1517419352567562240,littleseamoon,Fri Apr 22 08:25:40 +0000 2022,-95.44648649999999,29.838495,@cannabia_ Yes yes this is true young grasshopper
1517419355994304513,SComiter,Fri Apr 22 08:25:41 +0000 2022,-81.2644085,28.524680500000002,Biden cluelessness with stupidness greater than dementia and no cognitive function test as joke on Americans by gre‚Ä¶ https://t.co/kroVA8hUzt
1517419363464359941,TotalTrafficCMH,Fri Apr 22 08:25:43 +0000 2022,-82.90631,39.9464,Accident in #Columbus on Livingston Ave at Barnett Rd. Reported by Police #traffic https://t.co/hylMo0WgFI
1517419364802248705,Shady7769,Fri Apr 22 08:25:43 +0000 2022,-75.392615,39.8730715,"@KyleNeubeck @MikeAngelina Team isn't all that great,"
1517419366899277825,yeyohrocks,Fri Apr 22 08:25:44 +0000 2022,-117.294096,34.134924999999996,home sweet home GEE night
1517419378676928512,Anngottsha1k,Fri Apr 22 08:25:46 +0000 2022,-83.804475,27.698681999999998,"I love my piece of mind , stress-free any one available for a video ? https://t.co/20B3DRK3um"
1517419385757093888,yb_upnextt,Fri Apr 22 08:25:48 +0000 2022,-90.786302,38.779639,I get mad at my girl when she get mad at me
1517419390584733702,cduvall30,Fri Apr 22 08:25:49 +0000 2022,-96.7311425,43.5410145,@xo_coco_ox Happy Friday!
1517419396330786816,Punk_N_Politics,Fri Apr 22 08:25:51 +0000 2022,-118.13196400000001,34.17731,Work is SKYROCKETING my stats üòè
1517419396276363264,allan_carty,Fri Apr 22 08:25:51 +0000 2022,-79.616073,43.555244,@TashaKheiriddin @JeanCharest_ That sounds like freedom to travel to the United States for treatment and Private Ca‚Ä¶ https://t.co/fKGyf1ipJO
1517419401275842562,MyBrokerDarin,Fri Apr 22 08:25:52 +0000 2022,-117.3630675,34.531222,@WayneDupreeShow I see they have forbade us from forwarding your post Wayne. Bastards.
1517419403524161536,shar__v,Fri Apr 22 08:25:52 +0000 2022,-73.8311875,40.6708795,"This jet lag is crazy, at this point I‚Äôve been up for 24hours, was on a plane for 15 hours today but since the time‚Ä¶ https://t.co/4uYmIyJaZI"
1517419410667237376,bretbarker,Fri Apr 22 08:25:54 +0000 2022,-121.9225715,36.552632,@VikingDaneGirl That's so nasty
1517419411157798913,hannamarionne,Fri Apr 22 08:25:54 +0000 2022,-79.2725695,43.629311,"Just when I thought I had already adjusted to the time here, I could not sleep again. Last na lang ako na jud to su‚Ä¶ https://t.co/iX0joopkO2"
1517419412214607872,Treypechal,Fri Apr 22 08:25:54 +0000 2022,-122.0404295,37.8936665,"It‚Äôs really sad that I have to do this because the future of the SEC is bright. Kentucky, Auburn, Alabama and Arkan‚Ä¶ https://t.co/CcXEc88q6H"
